<?xml version="1.0" encoding="UTF-8" ?>
<!DOCTYPE configuration
        PUBLIC "-//mybatis.org//DTD Config 3.0//EN"
        "https://mybatis.org/dtd/mybatis-3-config.dtd">
<configuration>

    <!--  카멜케이스와 스네이크케이스 자동 변환 설정  -->
    <settings>
        <setting name="mapUnderscoreToCamelCase" value="true"/>
    </settings>

    <!--  SELECT 조회 결과를 담을 Entity 클래스 별칭 설정하기  -->
    <typeAliases>
        <typeAlias type="com.study.easyboard.springmvc.chap04.entity.Board" alias="board" />
        <typeAlias type="com.study.easyboard.springmvc.chap05.entity.Reply" alias="reply" />
        <typeAlias type="com.study.easyboard.springmvc.chap05.entity.Member" alias="member" />

    </typeAliases>


    <!--  SQL을 적어놓은 ...Mapper.xml 파일들을 사용등록하는 영역  -->
    <mappers>
        <mapper resource="mappers/BoardMapper.xml" />
        <mapper resource="mappers/ReplyMapper.xml" />
        <mapper resource="mappers/MemberMapper.xml" />
    </mappers>

</configuration>