<?xml version="1.0" encoding="UTF-8" ?>
<!DOCTYPE mapper
        PUBLIC "-//mybatis.org//DTD Mapper 3.0//EN"
        "https://mybatis.org/dtd/mybatis-3-mapper.dtd">

<mapper namespace="com.study.easyboard.springmvc.chap05.mapper.ReplyMapper">

    <insert id="save">
        INSERT INTO tbl_reply
            (reply_text, reply_writer, board_no)
        VALUES
            (#{replyText}, #{replyWriter}, #{boardNo})
    </insert>

    <update id="modify">
        UPDATE tbl_reply
        SET reply_text = #{replyText}
        WHERE reply_no = #{replyNo}
    </update>

    <delete id="delete">
        DELETE FROM tbl_reply
        WHERE reply_no = #{replyNo}
    </delete>

    <select id="findAll" resultType="reply">
        SELECT * FROM tbl_reply
        WHERE board_no = #{bno}
        ORDER BY reply_no
        LIMIT #{p.pageStart}, #{p.amount}
    </select>

    <select id="count" resultType="int">
        SELECT COUNT(*)
        FROM tbl_reply
        WHERE board_no = #{boardNo}
    </select>

    <select id="findBno" resultType="long">
        SELECT
            board_no
        FROM
            tbl_reply
        WHERE reply_no = #{rno}
    </select>

</mapper>