<?xml version="1.0" encoding="UTF-8" ?>
<!DOCTYPE mapper
        PUBLIC "-//mybatis.org//DTD Mapper 3.0//EN"
        "https://mybatis.org/dtd/mybatis-3-mapper.dtd">

<mapper namespace="com.study.easyboard.springmvc.chap04.mapper.BoardMapper">

    <!--  동적 SQL 조건을 분리  -->
    <sql id="search">
        <if test="type == 'title'">
            WHERE title LIKE CONCAT('%', #{keyword}, '%')
        </if>
        <if test="type == 'content'">
            WHERE content LIKE CONCAT('%', #{keyword}, '%')
        </if>
        <if test="type == 'writer'">
            WHERE writer LIKE CONCAT('%', #{keyword}, '%')
        </if>
        <if test="type == 'tc'">
            WHERE title LIKE CONCAT('%', #{keyword}, '%')
            OR content LIKE CONCAT('%', #{keyword}, '%')
        </if>
    </sql>


    <select id="findAll" resultType="com.study.easyboard.springmvc.chap04.dto.BoardFindAllDto">
        SELECT
            B.board_no,
            B.title,
            B.content,
            B.writer,
            B.reg_date_time,
            B.view_count,
            COUNT(R.reply_no) AS reply_count,
            B.account
        FROM tbl_board B
        LEFT OUTER JOIN tbl_reply R
        ON B.board_no = R.board_no
        <include refid="search" />
        GROUP BY B.board_no
        ORDER BY board_no DESC
        LIMIT #{pageStart}, #{amount}
    </select>

    <select id="findOne" resultType="board">

        SELECT
        B.board_no, B.title, M.name AS writer
        , B.content, B.view_count
        , B.reg_date_time, M.account
        FROM tbl_board B
        LEFT OUTER JOIN tbl_member M
        ON B.account = M.account
        WHERE board_no = #{boardNo}
    </select>

    <insert id="save">
        INSERT INTO tbl_board
            (writer, content, title, account)
        VALUES
            (#{writer}, #{content}, #{title}, #{account})
    </insert>

    <delete id="delete">
        DELETE FROM tbl_board
        WHERE board_no = #{boardNo}
    </delete>

    <update id="upViewCount">
        UPDATE tbl_board
        SET view_count = view_count + 1
        WHERE board_no = #{boardNo}
    </update>

    <select id="count" resultType="int">
        SELECT COUNT(*)
        FROM tbl_board
        <include refid="search" />
    </select>

    <insert id="createBoardForUser">
        INSERT INTO tbl_board (account, title, content, writer, view_count, reg_date_time)
        VALUES (#{account}, '', '', '', 0, NOW())
    </insert>

    <select id="findBoardByAccount" resultType="com.study.easyboard.springmvc.chap04.entity.Board">
        SELECT * FROM tbl_board WHERE account = #{account}
    </select>

    <select id="findAllByAccount" resultType="com.study.easyboard.springmvc.chap04.dto.BoardFindAllDto">
        SELECT * FROM tbl_board WHERE account = #{account} LIMIT #{page.pageStart}, #{page.perPageNum}
    </select>



</mapper>